[{"id":"853596","name":"addholes"},{"id":"853584","name":"ass-hole"},{"id":"853597","name":"ass-holes"},{"id":"853585","name":"ass_hole"},{"id":"853603","name":"asshole"},{"id":"853604","name":"assholes"},{"id":"853463","name":"bitch"},{"id":"853639","name":"buchy"},{"id":"853546","name":"Chiwi"},{"id":"853475","name":"crap"},{"id":"853481","name":"Fuck"},{"id":"853497","name":"fuck-you"},{"id":"853496","name":"fuck_you"},{"id":"853495","name":"fuckyou"},{"id":"853476","name":"hate"},{"id":"853474","name":"hell"},{"id":"853473","name":"homo"},{"id":"853472","name":"nigger"},{"id":"853471","name":"penis"},{"id":"853541","name":"perol"},{"id":"853470","name":"piss"},{"id":"853469","name":"poop"},{"id":"853480","name":"Sex"},{"id":"853502","name":"shit"},{"id":"853503","name":"shitty"},{"id":"853478","name":"suicide"},{"id":"853468","name":"whore"}]