{
	"name":"Stick Brands",
	"id":8640,
	"icon":"8640.png",
	"markericon": "8640.png",
	"logs":
	[
		{ 
			"Id": 0,
			"Desc":"Sticks",
			"Icon":"8640.png",
			"DCs":
			[
				{
					"Code":"STICKBRAND",
					"Desc":"Stick Brand",
					"tituloDossier":"StickBrand",
					"tituloDC": "StickBrand",
					"default":"false",
					"req":"false",
					"fotostatus":"noreq",
					"concomentario":"false",
					"NoShow":"true",
					"AutoSave":"true",
					"read":["administration"],
					"new": ["administration"],
					"edit":["administration"],
					"DcStructure": 
					[
						{
							"desc":" ",
							"rethead":"",
							"type":"Txt",
							"req": "false",
							"value":[]
						},
						{
							"desc":"",
							"rethead":"",
							"type":"Separator",
							"req": "false",
							"value":[]
						},
						{
							"desc":" ",
							"rethead":"",
							"type":"Txt",
							"req": "false",
							"value":[]
						},
						{
							"desc":"Stick Brand",
							"rethead":"StickBrand",
							"type":"Edt",
							"req": "true",
							"unique":"true",
							"value":[]
						},
						{
							"desc":"Short Description",
							"rethead":"ShortDescription",
							"type":"Edt",
							"req": "false",
							"value":[]
						},
						{
							"desc":"Long Description",
							"rethead":"LongDescription",
							"type":"EdtML",
							"req": "false",
							"value":[]
						},
						{
							"desc":"Ref Stick Brand Link",
							"rethead":"RefStickBrand",
							"type":"Edt",
							"req": "false",
							"value":[]
						},
						{
							"desc":"Observation",
							"rethead":"Observation",
							"type":"Edt",
							"req": "false",
							"value":[]
						},
						{
							"desc":" ",
							"rethead":"",
							"type":"Txt",
							"req": "false",
							"value":[]
						},
						{
							"desc":"",
							"rethead":"",
							"type":"Separator",
							"req": "false",
							"value":[]
						},
						{
							"desc":" ",
							"rethead":"",
							"type":"Txt",
							"req": "false",
							"value":[]
						}
					]
				},
				{
					"Code":"STICKBRANDMODEL",
					"Desc":"Stick Brand Model",
					"tituloDC": "StBrandModel",
					"default":"false",
					"req":"false",
					"fotostatus":"noreq",
					"concomentario":"false",
					"NoShow":"false",
					"AutoSave":"true",
					"read":["administration"],
					"new": ["administration"],
					"edit":["administration"],
					"DcStructure": 
					[
						{
							"desc":" ",
							"rethead":"",
							"type":"Txt",
							"req": "false",
							"value":[]
						},
						{
							"desc":"",
							"rethead":"",
							"type":"Separator",
							"req": "false",
							"value":[]
						},
						{
							"desc":" ",
							"rethead":"",
							"type":"Txt",
							"req": "false",
							"value":[]
						},
						{
							"desc":"Stick Brand",
							"rethead":"StickBrand",
                            "type":"EdtPR",
							"Source":"thisDossier.STICKBRAND.StickBrand",
                            "req": "true",
                            "value":[]
                        },
						{
							"desc":"Stick Brand Model",
							"rethead":"StBrandModel",
							"type":"Edt",
							"req": "true",
							"value":[]
						},
						{
							"desc":"Short Description",
							"rethead":"ShortDescription",
							"type":"Edt",
							"req": "false",
							"value":[]
						},
						{
							"desc":"Long Description",
							"rethead":"LongDescription",
							"type":"EdtML",
							"req": "false",
							"value":[]
						},
						{
							"desc":"Ref Stick Model Link",
							"rethead":"RefStickModel",
							"type":"Edt",
							"req": "false",
							"value":[]
						},
						{
							"desc":"Observations",
							"rethead":"Observations",
							"type":"EdtML",
							"req": "false",
							"value":[]
						},
						{
							"desc":" ",
							"rethead":"",
							"type":"Txt",
							"req": "false",
							"value":[]
						},
						{
							"desc":"",
							"rethead":"",
							"type":"Separator",
							"req": "false",
							"value":[]
						},
						{
							"desc":" ",
							"rethead":"",
							"type":"Txt",
							"req": "false",
							"value":[]
						}
					]
				}
			]
		}
    ]
}