[
{"desc":"SELECCIONE BANCO","value":""},
{"desc":"Banco 100% Banco","value":"100% Banco"},
{"desc":"Banco ABN-Amro Bank","value":"ABN-Amro Bank"},
{"desc":"Banco Agrícola de Venezuela","value":"Banco Agrícola de Venezuela"},
{"desc":"BanCaribe","value":"BanCaribe"},
{"desc":"Banco Activo","value":"Banco Activo"},
{"desc":"Banco de Venezuela","value":"Banco de Venezuela"},
{"desc":"Bancrecer","value":"Bancrecer"},
{"desc":"Banesco On-Line","value":"Banesco On-Line"},
{"desc":"Banfoandes","value":"Banfoandes"},
{"desc":"BanGente","value":"BanGente"},
{"desc":"Banorte","value":"Banorte"},
{"desc":"Banplus","value":"Banplus"},
{"desc":"Banvalor","value":"Banvalor"},
{"desc":"Bicentenario Banco Universal","value":"Bicentenario Banco Universal"},
{"desc":"Banco Bolívar","value":"Banco Bolívar"},
{"desc":"Banco Canarias de Venezuela","value":"Banco Canarias de Venezuela"},
{"desc":"Banco Caroní","value":"Banco Caroní"},
{"desc":"Banco Casa Propia","value":"Banco Casa Propia"},
{"desc":"Banco Central Banco Universal","value":"Banco Central Banco Universal"},
{"desc":"Citibank Venezuela","value":"Citibank Venezuela"},
{"desc":"Banco Confederado","value":"Banco Confederado"},
{"desc":"Corp Banca Venezuela","value":"Corp Banca Venezuela"},
{"desc":"Corpbanca","value":"Corpbanca"},
{"desc":"Banco de Venezuela Grupo Santander","value":"Banco de Venezuela Grupo Santander"},
{"desc":"Banco del Caribe","value":"Banco del Caribe"},
{"desc":"Banco del Tesoro","value":"Banco del Tesoro"},
{"desc":"Banco Delsur Banco Universal","value":"Banco Delsur Banco Universal"},
{"desc":"Banco Exterior","value":"Banco Exterior"},
{"desc":"Banco Federal","value":"Banco Federal"},
{"desc":"Banco Fondo Común","value":"Banco Fondo Común"},
{"desc":"Banco Guayana","value":"Banco Guayana"},
{"desc":"Banco Helm Bank de Venezuela","value":"Banco Helm Bank de Venezuela"},
{"desc":"Banco Industrial de Venezuela","value":"Banco Industrial de Venezuela"},
{"desc":"Banco InverUnion","value":"Banco InverUnion"},
{"desc":"Banco Mercantil","value":"Banco Mercantil"},
{"desc":"Banco Mi Casa","value":"Banco Mi Casa"},
{"desc":"Banco Nacional de Crédito","value":"Banco Nacional de Crédito"},
{"desc":"Banco Occidental de Descuento","value":"Banco Occidental de Descuento"},
{"desc":"Banco Plaza","value":"Banco Plaza"},
{"desc":"Banco Provincial","value":"Banco Provincial"},
{"desc":"Banco Sofitasa","value":"Banco Sofitasa"},
{"desc":"Banco Venezolano de Crédito","value":"Banco Venezolano de Crédito"}
]


