[
    {"desc":"SELECCIONE CALLE DE LOS PALOS GRANDES","value":""},
    {"desc":"5ta Avenida","value":"5ta Avenida"},
    {"desc":"Avenida 1","value":"Avenida 1"},
    {"desc":"Avenida 2","value":"Avenida 2"},
    {"desc":"Avenida 3","value":"Avenida 3"},
    {"desc":"Avenida 4","value":"Avenida 4"},
    {"desc":"Avenida Andrés Bello","value":"Avenida Andrés Bello"},
    {"desc":"Avenida Andrés Galarraga","value":"Avenida Andrés Galarraga"},
    {"desc":"Avenida Boyacá","value":"Avenida Boyacá"},
    {"desc":"Avenida de la Floresta","value":"Avenida de la Floresta"},
    {"desc":"Avenida El Samán","value":"Avenida El Samán"},
    {"desc":"Avenida El Trapiche","value":"Avenida El Trapiche"},
    {"desc":"Avenida Eugenio Mendoza","value":"Avenida Eugenio Mendoza"},
    {"desc":"Avenida Francisco de Miranda","value":"Avenida Francisco de Miranda"},
    {"desc":"Avenida José Felix Sosa","value":"Avenida José Felix Sosa"},
    {"desc":"Avenida Libertador","value":"Avenida Libertador"},
    {"desc":"Avenida Mohedano","value":"Avenida Mohedano"},
    {"desc":"Avenida San Carlos","value":"Avenida San Carlos"},
    {"desc":"Avenida San José","value":"Avenida San José"},
    {"desc":"Avenida Santa Ana","value":"Avenida Santa Ana"},
    {"desc":"Avenida Santa María","value":"Avenida Santa María"},
    {"desc":"Avenida Santa Teresa","value":"Avenida Santa Teresa"},
    {"desc":"Avenida Sta María","value":"Avenida Sta María"},
    {"desc":"Avenida Tropical","value":"Avenida Tropical"},
    {"desc":"Calle 2","value":"Calle 2"},
    {"desc":"Calle 3","value":"Calle 3"},
    {"desc":"Calle 7-A","value":"Calle 7-A"},
    {"desc":"Calle 8","value":"Calle 8"},
    {"desc":"Calle Bolívar","value":"Calle Bolívar"},
    {"desc":"Calle Cecilio Acosta","value":"Calle Cecilio Acosta"},
    {"desc":"Calle Elice","value":"Calle Elice"},
    {"desc":"Calle H","value":"Calle H"},
    {"desc":"Calle Humboldt","value":"Calle Humboldt"},
    {"desc":"Calle Los Pions","value":"Calle Los Pions"},
    {"desc":"Calle Mariño","value":"Calle Mariño"},
    {"desc":"Calle Mayita","value":"Calle Mayita"},
    {"desc":"Calle Mery","value":"Calle Mery"},
    {"desc":"Calle Municipio","value":"Calle Municipio"},
    {"desc":"Calle Nueva","value":"Calle Nueva"},
    {"desc":"Calle Páez","value":"Calle Páez"},
    {"desc":"Calle San Luis","value":"Calle San Luis"},
    {"desc":"Calle Sucre","value":"Calle Sucre"},
    {"desc":"Calle Verdín","value":"Calle Verdín"},
    {"desc":"Calle Zambrano","value":"Calle Zambrano"},
    {"desc":"Prolongación Calle Sucre","value":"Prolongación Calle Sucre"}
]