[
    {"desc":"SELECCIONE CALLE DE LA CASTELLANA","value":""},
    {"desc":"1ra Transversal","value":"1ra Transversal"},
    {"desc":"5ta Transversal","value":"5ta Transversal"},
    {"desc":"Avenida Antonio José Iztúriz","value":"Av. Antonio José Iztúriz"},
    {"desc":"Avenida Blandín","value":"Av. Blandín"},
    {"desc":"Avenida El Bosque","value":"Av. El Bosque"},
    {"desc":"Avenida Francisco de Miranda","value":"Av. Blandín"},
    {"desc":"Avenida Juan Pernalete","value":"Avenida Juan Pernalete"},
    {"desc":"Avenida Los Chaguaramos","value":"Avenida Los Chaguaramos"},
    {"desc":"Avenida Principal de La Castellana","value":"Avenida Principal de La Castellana"},
    {"desc":"Calle El Pedregal","value":"Calle El Pedregal"},
    {"desc":"Calle José Felix Ribas","value":"Calle José Felix Ribas"},
    {"desc":"Calle Los Granados","value":"Calle Los Granados"},
    {"desc":"Calle Los Granados","value":"Calle Los Granados"},
    {"desc":"Calle Mérida","value":"Calle Mérida"},
    {"desc":"Calle Mohedano","value":"Calle Mohedano"},
    {"desc":"Calle San Felipe","value":"Calle San Felipe"},
    {"desc":"Calle Urdaneta","value":"Calle Urdaneta"},
    {"desc":"Transversal 2","value":"Transversak 2"},
    {"desc":"Transversal 4","value":"Transversak 4"},
    {"desc":"Transversal 7","value":"Transversak 7"},
    {"desc":"Transversal 9","value":"Transversal 9"}
]