[
    {"desc":"SELECCIONE TIPO DE COMODITY","value":""},
    {"desc":"Aplicaciones de Software(ASOF)","value":"Aplicaciones de Software"},
    {"desc":"Seguros(Salud)","value":"Seguros(Salud)"},
    {"desc":"Seguros(Vida)","value":"Seguros(Vida)"},
    {"desc":"Seguros(Viajes)","value":"Seguros(Viajes)"},
    {"desc":"Seguros(Automóvil)","value":"Seguros(Automóvil)"},
    {"desc":"Seguros(Patrimonio)","value":"Seguros(Patrimonio)"},
    {"desc":"Consumibles(CONS)","value":"Consumibles"},
    {"desc":"Artículos de Oficina(AOFI)","value":"Artículos de Oficina"},
    {"desc":"Servicios(SERV)","value":"Servicios"},
    {"desc":"Textiles(TEXT)","value":"Textiles"},
    {"desc":"Zapatería(ZAPA)","value":"Zapaterìa"},
    {"desc":"Farmacia(FARM)","value":"Farmacia"},
    {"desc":"Clínicas(CLIN)","value":"Clínicas"},
    {"desc":"Laboratorios(LABO)","value":"Laboratorios"},
    {"desc":"Abastos(ABAS)","value":"Abastos"},
    {"desc":"Supermercados(SUPE)","value":"Supermercados"},
    {"desc":"Frutería(FRUT)","value":"Frutería"},
    {"desc":"Puesto de mercado(PMER)","value":"Puesto de mercado"},
    {"desc":"Comida Rápida(CRAP)","value":"Comida Rápida"},
    {"desc":"Restaurante(REST)","value":"Restaurante"},
    {"desc":"Panadería y pastelería(PPAS)","value":"Panadería y pastelería"},
    {"desc":"Distribuidor de víveres(DVIV)","value":"Distribuidor de víveres"},
    {"desc":"Percadería(PESC)","value":"Percadería"}
]