[
    {"desc":"SELECCIONE CALLE DE EL ROSAL","value":""},
    {"desc":"Avenida Alameda","value":"Avenida Alameda"},
    {"desc":"Avenida Casanova","value":"Avenida Casanova"},
    {"desc":"Avenida El Retiro","value":"Avenida El Retiro"},
    {"desc":"Avenida Francisco de Miranda","value":"Avenida Francisco de Miranda"},
    {"desc":"Avenida Guaicaipuro","value":"Avenida Guaicaipuro"},
    {"desc":"Avenida José Martí","value":"Avenida José Martí"},
    {"desc":"Avenida Pichincha","value":"Avenida Pichincha"},
    {"desc":"Avenida Sorocaima","value":"Avenida Sorocaima"},
    {"desc":"Avenida Tamanaco","value":"Avenida Tamanaco"},
    {"desc":"Avenida Venezuela","value":"Avenida Venezuela"},
    {"desc":"Bulevar de Sabana Grande","value":"Bulevar de Sabana Grande"},
    {"desc":"Calle Boyacá","value":"Calle Boyacá"},
    {"desc":"Calle Carabobo","value":"Calle Carabobo"},
    {"desc":"Calle El Valle","value":"Calle El Valle"},
    {"desc":"Calle Junín","value":"Calle Junín"},
    {"desc":"Calle Sojo","value":"Calle Sojo"}
]