[
	{"desc":"Selecciona Tipo de Comercio","value":""},
	{"desc":"Abasto","value":"Abasto"},
	{"desc":"Agencia de viaje","value":"Agencia de viaje"},
	{"desc":"Bazar","value":"Bazar"},
	{"desc":"Bodega","value":"Bodega"},
	{"desc":"Bodegon","value":"Bodegon"},
	{"desc":"Cardiologico","value":"Cardiologico"},
	{"desc":"Carniceria y Charcuteria","value":"Carniceria y Charcuteria"},
	{"desc":"Cerrajerias","value":"Cerrajerias"},
	{"desc":"Clinica Privada","value":"Clinica Privada"},
	{"desc":"Comida Rapida Franquicias","value":"Comida Rapida Franquicias"},
	{"desc":"Comida Rapida","value":"Comida Rapida"},
	{"desc":"Confiterias","value":"Confiterias"},
	{"desc":"Consultorio Alergologo","value":"Consultorio Alergologo"},
	{"desc":"Consultorio Cardiologo","value":"Consultorio Cardiologo"},
	{"desc":"Consultorio Cirujano","value":"Consultorio Cirujano"},
	{"desc":"Consultorio Dermatologo","value":"Consultorio Dermatologo"},
	{"desc":"Consultorio Endocrinologo","value":"Consultorio Endocrinologo"},
	{"desc":"Consultorio Fisiatra","value":"Consultorio Fisiatra"},
	{"desc":"Consultorio Fisioterapeuta","value":"Consultorio Fisioterapeuta"},
	{"desc":"Consultorio Gastroenterologo","value":"Consultorio Gastroenterologo"},
	{"desc":"Consultorio Ginecologo","value":"Consultorio Ginecologo"},
	{"desc":"Consultorio Hematologo","value":"Consultorio Hematologo"},
	{"desc":"Consultorio Internista","value":"Consultorio Internista"},
	{"desc":"Consultorio Medicina General","value":"Consultorio Medicina General"},
	{"desc":"Consultorio Neonatologo","value":"Consultorio Neonatologo"},
	{"desc":"Consultorio Neurologo","value":"Consultorio Neurologo"},
	{"desc":"Consultorio Oculista","value":"Consultorio Oculista"},
	{"desc":"Consultorio Odontologo","value":"Consultorio Odontologo"},
	{"desc":"Consultorio Oftalmologo","value":"Consultorio Oftalmologo"},
	{"desc":"Consultorio Oncologo","value":"Consultorio Oncologo"},
	{"desc":"Consultorio Optometrista","value":"Consultorio Optometrista"},
	{"desc":"Consultorio Otorrino","value":"Consultorio Otorrino"},
	{"desc":"Consultorio Pediatra","value":"Consultorio Pediatra"},
	{"desc":"Consultorio Psicologo","value":"Consultorio Psicologo"},
	{"desc":"Consultorio Psiquiatrico","value":"Consultorio Psiquiatrico"},
	{"desc":"Consultorio Quiropedista","value":"Consultorio Quiropedista"},
	{"desc":"Delicateses","value":"Delicateses"},
	{"desc":"Dermatologico","value":"Dermatologico"},
	{"desc":"Discotienda","value":"Discotienda"},
	{"desc":"Distribuidor de Juguetes","value":"Distribuidor de Juguetes"},
	{"desc":"Distribuidor de Viveres","value":"Distribuidor de Viveres"},
	{"desc":"Distribuidor utiles escolares","value":"Distribuidor utiles escolares"},
	{"desc":"Dulceria","value":"Dulceria"},
	{"desc":"Endocrinologo","value":"---"},
	{"desc":"Estacion de Servicio","value":"Estacion de Servicio"},
	{"desc":"Farmacia","value":"Farmacia"},
	{"desc":"Feria Alimentos","value":"Feria Alimentos"},
	{"desc":"Feria Juguetes","value":"Feria Juguetes"},
	{"desc":"Feria Ropa y Calzados","value":"Feria Ropa y Calzados"},
	{"desc":"Feria Utiles","value":"Feria Utiles"},
	{"desc":"Ferreteria","value":"Ferreteria"},
	{"desc":"Frigorifico","value":"Frigorifico"},
	{"desc":"Fruteria","value":"Fruteria"},
	{"desc":"Fuente de Soda/Luncheria","value":"Fuente de Soda/Luncheria"},
	{"desc":"Gastroenterologico","value":"Gastroenterologico"},
	{"desc":"General","value":"General"},
	{"desc":"Gimnasio","value":"Gimnasio"},
	{"desc":"Ginecologico","value":"Ginecologico"},
	{"desc":"Heladeria","value":"Heladeria"},
	{"desc":"Hipermercado","value":"Hipermercado"},
	{"desc":"Jugueteria","value":"Jugueteria"},
	{"desc":"Laboratorio Clinico","value":"Laboratorio Clinico"},
	{"desc":"Laboratorio Dental","value":"Laboratorio Dental"},
	{"desc":"Libreria","value":"Libreria"},
	{"desc":"Luncheria","value":"Luncheria"},
	{"desc":"Mayorista Juguetes","value":"Mayorista Juguetes"},
	{"desc":"Mayorista Utiles","value":"Mayorista Utiles"},
	{"desc":"Mayorista Viveres","value":"Mayorista Viveres"},
	{"desc":"Medicina Freelance","value":"Medicina Freelance"},
	{"desc":"Mercados Populares","value":"Mercados Populares"},
	{"desc":"Multiservicios","value":"Multiservicios"},
	{"desc":"Neurologico","value":"Neurologico"},
	{"desc":"Oculista","value":"Oculista"},
	{"desc":"Odontologico","value":"Odontologico"},
	{"desc":"Oftalmologico","value":"Oftalmologico"},
	{"desc":"Optica","value":"Optica"},
	{"desc":"Optometrista","value":"Optometrista"},
	{"desc":"Otorrino","value":"Otorrino"},
	{"desc":"Panaderia y Pasteleria","value":"Panaderia y Pasteleria"},
	{"desc":"Papeleria","value":"Papeleria"},
	{"desc":"Pediatrico","value":"Pediatrico"},
	{"desc":"Percaderia","value":"Percaderia"},
	{"desc":"Perfumerias","value":"Perfumerias"},
	{"desc":"Pinateria","value":"Pinateria"},
	{"desc":"Puesto de Mercado","value":"Puesto de Mercado"},
	{"desc":"Quincalla","value":"Quincalla"},
	{"desc":"Quiropedias","value":"Quiropedias"},
	{"desc":"Quirurgico","value":"Quirurgico"},
	{"desc":"Rehabilitacion","value":"Rehabilitacion"},
	{"desc":"Reposteria","value":"Reposteria"},
	{"desc":"Restaurant","value":"Restaurant"},
	{"desc":"Supermercado","value":"Supermercado"},
	{"desc":"Supermercados Cadenas","value":"Supermercados Cadenas"},
	{"desc":"Tienda de Articulos Electronicos","value":"Tienda de Articulos Electronicos"},
	{"desc":"Tienda de Electrodomesticos","value":"Tienda de Electrodomesticos"},
	{"desc":"Tienda de Regalo","value":"Tienda de Regalo"},
	{"desc":"Tienda Naturista","value":"Tienda Naturista"},
	{"desc":"Tienda Por Departamento","value":"Tienda Por Departamento"},
	{"desc":"Venta de Celulares","value":"Venta de Celulares"},
	{"desc":"Venta de Repuesto de Vehiculos","value":"Venta de Repuesto de Vehiculos"},
	{"desc":"Zapateria","value":"Zapateria"}
]