{
	"name":"App Gloves",
	"id":8520,
	"icon":"8520.png",
	"markericon": "8520.png",
	"logs":
	[
		{ 
			"Id": 0,
			"Desc":"App Gloves",
			"Icon":"8520.png",
			"DCs":
			[
				{
					"Code":"APPGLOVEBRAND",
					"Desc":"App Glove Brands",
					"tituloDossier":"GloveBrand",
					"tituloDC": "GloveBrand",
					"default":"false",
					"req":"false",
					"fotostatus":"noreq",
					"concomentario":"false",
					"NoShow":"true",
					"AutoSave":"true",
					"read":["administration","operator"],
					"new": ["administration"],
					"edit":["administration"],
					"DcStructure": 
					[
						{
							"desc":" ",
							"rethead":"",
							"type":"Txt",
							"req": "false",
							"value":[]
						},
						{
							"desc":"",
							"rethead":"",
							"type":"Separator",
							"req": "false",
							"value":[]
						},
						{
							"desc":" ",
							"rethead":"",
							"type":"Txt",
							"req": "false",
							"value":[]
						},
						{
							"desc":"Glove Brand",
							"rethead":"GloveBrand",
							"type":"Edt",
							"req": "false",
							"unique":"true",
							"value":[]
						},
						{
							"desc":"Short Description",
							"rethead":"ShortDescript",
							"type":"Edt",
							"req": "false",
							"value":[]
						},
						{
							"desc":"Comment",
							"rethead":"Comment",
							"type":"EdtML",
							"req": "false",
							"value":[]
						},
						{
							"desc":" ",
							"rethead":"",
							"type":"Txt",
							"req": "false",
							"value":[]
						},
						{
							"desc":"",
							"rethead":"",
							"type":"Separator",
							"req": "false",
							"value":[]
						},
						{
							"desc":" ",
							"rethead":"",
							"type":"Txt",
							"req": "false",
							"value":[]
						}
					]
				},
				{
					"Code":"APPGLOVEPRODLINE",
					"Desc":"App Glove Product Line",
					"tituloDC": "GlProductLine",
					"default":"false",
					"req":"false",
					"fotostatus":"noreq",
					"concomentario":"false",
					"NoShow":"false",
					"AutoSave":"true",
					"read":["administration","operator"],
					"new": ["administration"],
					"edit":["administration"],
					"DcStructure": 
					[
						{
							"desc":" ",
							"rethead":"",
							"type":"Txt",
							"req": "false",
							"value":[]
						},
						{
							"desc":"",
							"rethead":"",
							"type":"Separator",
							"req": "false",
							"value":[]
						},
						{
							"desc":" ",
							"rethead":"",
							"type":"Txt",
							"req": "false",
							"value":[]
						},
						{
							"desc":"Glove Brand",
							"rethead":"GloveBrand",
                            "type":"Edt",
							"Source":"thisDossier.APPGLOVEBRAND.GloveBrand",
                            "req": "true",
                            "value":[]
                        },
						{
							"desc":"Glove Product Line",
							"rethead":"GlProductLine",
							"type":"Edt",
							"req": "true",
							"value":[]
						},
						{
							"desc":"Short Description",
							"rethead":"ShortDescript",
							"type":"Edt",
							"req": "false",
							"value":[]
						},
						{
							"desc":"Comment",
							"rethead":"Comment",
							"type":"EdtML",
							"req": "false",
							"value":[]
						},
						{
							"desc":" ",
							"rethead":"",
							"type":"Txt",
							"req": "false",
							"value":[]
						},
						{
							"desc":"",
							"rethead":"",
							"type":"Separator",
							"req": "false",
							"value":[]
						},
						{
							"desc":" ",
							"rethead":"",
							"type":"Txt",
							"req": "false",
							"value":[]
						}
					]
				}
			]
		}
    ]
}